,tenure,MonthlyCharges,TotalCharges,gender_Female,gender_Male,PaymentMethod_Bank transfer (automatic),PaymentMethod_Credit card (automatic),PaymentMethod_Electronic check,PaymentMethod_Mailed check,Contract_Month-to-month,Contract_One year,Contract_Two year
count,4718.0,4718.0,4718.0,4718.0,4718.0,4718.0,4718.0,4718.0,4718.0,4718.0,4718.0,4718.0
mean,32.465027554048326,64.64266638406104,2285.917645188639,0.4841034336583298,0.5158965663416702,0.2214921576939381,0.21449766850360322,0.3380669775328529,0.22594319626960577,0.543238660449343,0.21428571428571427,0.24247562526494276
std,24.51352302327425,30.2059807541713,2269.466999815542,0.4998002054763342,0.4998002054763342,0.41529500057758334,0.41051691574405375,0.47310161373270904,0.4182462737058842,0.4981797082186308,0.4103693953909716,0.4286258702822279
min,0.0,18.25,0.0,0.0,0.0,0.0,0.0,0.0,0.0,0.0,0.0,0.0
25%,9.0,35.0,396.475,0.0,0.0,0.0,0.0,0.0,0.0,0.0,0.0,0.0
50%,29.0,70.35,1397.775,0.0,1.0,0.0,0.0,0.0,0.0,1.0,0.0,0.0
75%,55.0,89.8,3820.6874999999995,1.0,1.0,0.0,0.0,1.0,0.0,1.0,0.0,0.0
max,72.0,118.6,8684.8,1.0,1.0,1.0,1.0,1.0,1.0,1.0,1.0,1.0
